aid,candid,corrected,dec,dubious,e_dec,e_mag,e_mag_corr,e_mag_corr_ext,e_ra,fid,has_stamp,isdiffpos,mag,mag_corr,mjd,oid,parent_candid,pid,ra,sid,tid,adpctdif1,adpctdif2,chinr,clrcoeff,clrcounc,decnr,diffmaglim,distnr,exptime,field,magnr,magzpsci,magzpscirms,magzpsciunc,procstatus,programid,ranr,rcid,rfid,scibckgnd,sciinpseeing,scisigpix,sharpnr,sigmagnr
"","ZTF21aaihgbk2750372442915",true,54.3194731,false,"",1.0412812232971191,100,0.04005549721328116,"",2,false,1,22.79367446899414,19.256409693796268,60504.3724421002,"ZTF21aaihgbk",2772323532915015000,2750372442915,274.3332574,"","ztf",0.05993799865245819,0.08172500133514404,2.546999931335449,0.09970960021018982,0.000003875879883707967,54.31946563720703,20.509300231933594,0.27427273988723755,30,798,19.298999786376953,26.172399520874023,0.02243730053305626,0.0000019454998891887954,"0",1,274.3331298828125,29,798120229,180.58599853515625,1.5134999752044678,6.539820194244385,0.2240000069141388,0.052000001072883606
"","ZTF21aaihgbk2753308542915",true,54.3194731,false,"",4.899140357971191,0.012985885476105316,0.05415481004543852,"",2,false,-1,24.2021427154541,19.31093560263828,60507.30854169978,"ZTF21aaihgbk",2772323532915015000,2753308542915,274.3332574,"","ztf",0.05939599871635437,0.08051499724388123,2.546999931335449,0.10561300069093704,0.000003979379926022375,54.31946563720703,20.312299728393555,0.27427273988723755,30,798,19.298999786376953,26.271400451660156,0.022666199132800102,0.0000019920000795536907,"0",1,274.3331298828125,29,798120229,198.072998046875,1.8889000415802002,7.606259822845459,0.2240000069141388,0.052000001072883606
"","ZTF21aaihgbk2753413792915",true,54.3194731,false,"",1.9230895042419434,0.07847071067005114,0.08768609945459226,"",1,false,1,23.53900146484375,20.18632960025007,60507.41379630007,"ZTF21aaihgbk",2772323532915015000,2753413792915,274.3332574,"","ztf",0.05761199817061424,0.07496199756860733,1.5720000267028809,-0.09499560296535492,0.000005739269909099676,54.319461822509766,20.62619972229004,0.310576856136322,30,798,20.23699951171875,26.246000289916992,0.02723659947514534,0.0000028716999622702133,"0",1,274.3330993652344,29,798120129,88.39219665527344,2.0327999591827393,5.369309902191162,0.07500000298023224,0.04100000113248825
"","ZTF21aaihgbk2757414641615",true,54.3194862,false,"",2.443042278289795,0.3076237455835281,0.3092265371906799,"",1,false,1,22.362199783325195,20.11806421920312,60511.4146412001,"ZTF21aaihgbk",2775215721615015000,2757414641615,274.333039,"","ztf",0.06037700176239014,0.08156699687242508,1.1699999570846558,-0.037852201610803604,0.000023946300643729046,54.319454193115234,19.23819923400879,0.17746861279010773,30,797,20.264999389648438,26.09160041809082,0.038485899567604065,0.000008723000064492226,"0",1,274.3330993652344,16,797120116,86.74479675292969,2.3424999713897705,15.151800155639648,0.04399999976158142,0.035999998450279236
"","ZTF21aaihgbk2693403743015",true,54.3194624,false,"",100,100,100,"",1,false,-1,100,100,60447.403750000056,"ZTF21aaihgbk",2693406651615015000,2693403743015,274.3330014,"","ztf",0.04979399964213371,0.07287800312042236,-99999,-0.09410549700260162,0.000004579670076054754,-99999,20.905500411987305,-99999,30,798,-99999,26.28580093383789,0.023716099560260773,0.0000023161999251897214,"61",1,-99999,30,798120130,95.65480041503906,1.8590999841690063,4.421030044555664,-99999,-99999
"","ZTF21aaihgbk2693381522915",true,54.3193718,false,"",0.1496679037809372,0.0171229107078193,0.04134682063076932,"",2,false,1,20.344676971435547,18.94796058139088,60447.38152780011,"ZTF21aaihgbk",2695432841615015000,2693381522915,274.3329639,"","ztf",0.05917299911379814,0.07727299630641937,2.546999931335449,0.10289900004863739,0.000004475520199775929,54.31946563720703,20.379100799560547,0.4831709563732147,30,798,19.298999786376953,26.27829933166504,0.024098599329590797,0.000002250500074296724,"0",1,274.3331298828125,29,798120229,201.21800231933594,1.7928999662399292,7.523600101470947,0.2240000069141388,0.052000001072883606
"","ZTF21aaihgbk2691343813015",true,54.3193718,false,"",100,100,100,"",2,false,-1,100,100,60445.34381939983,"ZTF21aaihgbk",2695432841615015000,2691343813015,274.3329639,"","ztf",0.05418600142002106,0.07922600209712982,-99999,0.09784690290689468,0.0000033836799957498442,-99999,20.592300415039062,-99999,30,798,-99999,26.227399826049805,0.0204927995800972,0.0000017155999785245513,"61",1,-99999,30,798120230,190.9239959716797,1.590000033378601,6.236579895019531,-99999,-99999
"","ZTF21aaihgbk2682463662815",true,54.3194624,false,"",100,100,100,"",2,false,-1,100,100,60436.46366900019,"ZTF21aaihgbk",2693406651615015000,2682463662815,274.3330014,"","ztf",0.060176998376846313,0.0791660025715828,-99999,0.10017599910497665,0.0000030546800644515315,-99999,20.27680015563965,-99999,30,798,-99999,26.334800720214844,0.01932789944112301,0.000001455599999644619,"61",1,-99999,28,798120228,235.06100463867188,2.658799886703491,6.291639804840088,-99999,-99999
"","ZTF21aaihgbk2664364751615",true,54.3194624,false,"",0.2823224365711212,0.04694609847778413,0.06069252870234012,"",2,false,1,20.724233627319336,19.05520822444117,60418.364756899886,"ZTF21aaihgbk",2693406651615015000,2664364751615,274.3330014,"","ztf",0.054402001202106476,0.07375399768352509,2.4590001106262207,0.10552000254392624,0.000004544960120256292,54.3194580078125,20.009000778198242,0.2063709944486618,30,797,19.31800079345703,26.23259925842285,0.02402140013873577,0.0000022592000732402084,"0",1,274.3330993652344,16,797120216,213.9010009765625,2.114500045776367,9.140569686889648,0.19900000095367432,0.04899999871850014
"","ZTF21aaihgbk2695389073015",true,54.3193718,false,"",100,100,100,"",2,false,-1,100,100,60449.38907410018,"ZTF21aaihgbk",2695432841615015000,2695389073015,274.3329639,"","ztf",0.053376998752355576,0.07865499705076218,-99999,0.11003600060939789,0.000003513089950502035,-99999,20.23080062866211,-99999,30,798,-99999,26.252700805664062,0.020892299711704254,0.0000017807000176617294,"61",1,-99999,30,798120230,194.5760040283203,2.11299991607666,7.546679973602295,-99999,-99999
"","ZTF21aaihgbk2693406651615",true,54.3193718,false,"",0.10038820654153824,0.03998668905433536,0.04469667661575208,"",1,false,1,20.5037841796875,19.62526552267923,60447.406655100174,"ZTF21aaihgbk",2695432841615015000,2693406651615,274.3329639,"","ztf",0.09230899810791016,0.07373499870300293,1.1699999570846558,-0.10985500365495682,0.000010114799806615338,54.319454193115234,20.933000564575195,0.4148303270339966,30,797,20.264999389648438,26.260499954223633,0.035985998809337616,0.000005047999820817495,"0",1,274.3330993652344,16,797120116,100.46900177001953,1.9448000192642212,4.262609958648682,0.04399999976158142,0.035999998450279236
"","ZTF21aaihgbk2684467302815",true,54.3193718,false,"",100,100,100,"",3,false,-1,100,100,60438.46730320016,"ZTF21aaihgbk",2695432841615015000,2684467302815,274.3329639,"","ztf",0.06298699975013733,0.0889659970998764,-99999,0.1901179999113083,0.00000517368016517139,-99999,20.131900787353516,-99999,30,798,-99999,25.768299102783203,0.01974169909954071,6.597999799851095e-7,"61",1,-99999,28,798120328,238.21099853515625,1.4256999492645264,6.8119001388549805,-99999,-99999
"","ZTF21aaihgbk2684432372815",true,54.3193718,false,"",100,100,100,"",1,false,-1,100,100,60438.43237269996,"ZTF21aaihgbk",2695432841615015000,2684432372815,274.3329639,"","ztf",0.051614999771118164,0.0687130019068718,-99999,-0.08429969847202301,0.000004240379894326907,-99999,20.847000122070312,-99999,30,798,-99999,26.31800079345703,0.022662999108433723,0.0000020200000108161476,"61",1,-99999,28,798120128,92.847900390625,1.9845000505447388,4.767270088195801,-99999,-99999
"","ZTF21aaihgbk2663372442915",true,54.3194633,false,"",0.2657220959663391,0.02997953161727702,0.05153315350857989,"",2,false,1,20.845775604248047,19.06492322919643,60417.3724421002,"ZTF21aaihgbk",2689427912915015000,2663372442915,274.3331918,"","ztf",0.0552930012345314,0.07500600069761276,2.546999931335449,0.10444600135087967,0.0000042534297790552955,54.31946563720703,20.242700576782227,0.13586413860321045,30,798,19.298999786376953,26.265100479125977,0.023143799975514412,0.000002113399887093692,"0",1,274.3331298828125,29,798120229,197.86700439453125,1.8127000331878662,8.42650032043457,0.2240000069141388,0.052000001072883606
"","ZTF21aaihgbk2682463662915",true,54.3194633,false,"",0.2244577258825302,0.023158261542966303,0.04715427852022811,"",2,false,1,20.736989974975586,19.04295633961031,60436.46366900019,"ZTF21aaihgbk",2689427912915015000,2682463662915,274.3331918,"","ztf",0.06036100164055824,0.08334500342607498,2.546999931335449,0.10283699631690979,0.0000047401999836438335,54.31946563720703,20.207700729370117,0.13586413860321045,30,798,19.298999786376953,26.303499221801758,0.024443000555038452,0.0000023608999981661327,"0",1,274.3331298828125,29,798120229,204.33700561523438,2.6612000465393066,6.622600078582764,0.2240000069141388,0.052000001072883606
"","ZTF21aaihgbk2682484861715",true,54.3194633,false,"",100,100,100,"",3,false,-1,100,100,60436.48486110009,"ZTF21aaihgbk",2689427912915015000,2682484861715,274.3331918,"","ztf",0.05693800002336502,0.08264700323343277,-99999,0.1910949945449829,0.000003881189968524268,-99999,19.784099578857422,-99999,30,797,-99999,25.71739959716797,0.017471499741077423,5.844000270371907e-7,"61",1,-99999,17,797120317,226.7239990234375,1.909999966621399,7.283259868621826,-99999,-99999
"","ZTF21aaihgbk2683472012915",true,54.3194633,false,"",0.09304863959550858,0.040088358692631894,0.04527842724891829,"",1,false,1,20.295164108276367,19.513117371286846,60437.47201390006,"ZTF21aaihgbk",2689427912915015000,2683472012915,274.3331918,"","ztf",0.04901200160384178,0.06972499936819077,1.5720000267028809,-0.08612529933452606,0.0000049736099754227325,54.319461822509766,20.751100540161133,0.16989876329898834,30,798,20.23699951171875,26.312000274658203,0.025133799761533737,0.0000024804999156913254,"0",1,274.3330993652344,29,798120129,95.32890319824219,1.8243000507354736,5.592979907989502,0.07500000298023224,0.04100000113248825
"","ZTF21aaihgbk2684430001915",true,54.3194633,false,"",100,100,100,"",1,false,-1,100,100,60438.43000000017,"ZTF21aaihgbk",2689427912915015000,2684430001915,274.3331918,"","ztf",0.06752800196409225,0.07555200159549713,-99999,-0.09945110231637955,0.000006989329904172337,-99999,20.787200927734375,-99999,30,797,-99999,26.273000717163086,0.028826599940657616,0.000003517300001476542,"61",1,-99999,19,797120119,114.82099914550781,1.9853999614715576,4.592299938201904,-99999,-99999
"","ZTF21aaihgbk2684465411915",true,54.3194633,false,"",100,100,100,"",3,false,-1,100,100,60438.46541670011,"ZTF21aaihgbk",2689427912915015000,2684465411915,274.3331918,"","ztf",0.06134999915957451,0.08582700043916702,-99999,0.19609899818897247,0.00000811774043540936,-99999,19.865800857543945,-99999,30,797,-99999,25.699199676513672,0.02344669960439205,0.000001101799966818362,"61",1,-99999,19,797120319,219.593994140625,1.8055000305175781,6.9491801261901855,-99999,-99999
"","ZTF21aaihgbk2687402081615",true,54.3193718,false,"",0.22886089980602264,0.04120193949500233,0.05546089263854298,"",2,false,1,20.55565643310547,19.01669456840978,60441.402083300054,"ZTF21aaihgbk",2695432841615015000,2687402081615,274.3329639,"","ztf",0.05476899817585945,0.07678999751806259,2.4590001106262207,0.10347899794578552,0.000004328479917603545,54.3194580078125,20.074499130249023,0.4235440790653229,30,797,19.31800079345703,26.24449920654297,0.02357039973139763,0.0000021583000489044935,"0",1,274.3330993652344,16,797120216,215.8350067138672,2.099100112915039,8.738539695739746,0.19900000095367432,0.04899999871850014
"","ZTF21aaihgbk2689387432915",true,54.3193718,false,"",0.25656330585479736,100,0.040418913918633885,"",2,false,1,21.11939811706543,19.11287335874124,60443.38743059989,"ZTF21aaihgbk",2695432841615015000,2689387432915,274.3329639,"","ztf",0.052751000970602036,0.07370699942111969,2.546999931335449,0.10481700301170349,0.0000035368200315133436,54.31946563720703,20.51759910583496,0.4831709563732147,30,798,19.298999786376953,26.261499404907227,0.021230900660157204,0.0000017623000303501613,"0",1,274.3331298828125,29,798120229,198.15699768066406,1.7627999782562256,6.451970100402832,0.2240000069141388,0.052000001072883606
"","ZTF21aaihgbk2689425551715",true,54.3194633,false,"",100,100,100,"",1,false,-1,100,100,60443.42555559985,"ZTF21aaihgbk",2689427912915015000,2689425551715,274.3331918,"","ztf",0.06268399953842163,0.07772299647331238,-99999,-0.0745190978050232,0.000006721640147588914,-99999,20.62660026550293,-99999,30,797,-99999,26.242799758911133,0.028509000316262245,0.0000034826000501197996,"61",1,-99999,17,797120117,112.41100311279297,2.325000047683716,4.845399856567383,-99999,-99999
"","ZTF21aaihgbk2687444651715",true,54.3194653,false,"",100,100,100,"",1,false,-1,100,100,60441.44465279998,"ZTF21aaihgbk",2687446562915015000,2687444651715,274.3332063,"","ztf",0.05265200138092041,0.07184399664402008,-99999,-0.07897289842367172,0.000005895340109418612,-99999,20.697399139404297,-99999,30,797,-99999,26.271699905395508,0.026668699458241463,0.000003043000106117688,"61",1,-99999,17,797120117,116.00599670410156,1.8978999853134155,5.192019939422607,-99999,-99999
"","ZTF21aaihgbk2660472511615",true,54.3194404,false,"",0.10588408261537552,0.054388239925789075,0.05688271002565357,"",1,false,1,20.103069305419922,19.428443307424374,60414.47251159977,"ZTF21aaihgbk",2684430001615015000,2660472511615,274.3328745,"","ztf",0.08247800171375275,0.07715900242328644,1.1699999570846558,-0.09627070277929306,0.000009278730431105942,54.319454193115234,20.455400466918945,0.4815865457057953,30,797,20.264999389648438,26.297500610351562,0.03378000110387802,0.000004504599928623065,"0",1,274.3330993652344,16,797120116,103.08100128173828,2.6556999683380127,5.405910015106201,0.04399999976158142,0.035999998450279236
"","ZTF21aaihgbk2683412522915",true,54.3193718,false,"",0.19235581159591675,100,0.03931923917505484,"",2,false,1,20.77447509765625,19.050724581661484,60437.41252310015,"ZTF21aaihgbk",2695432841615015000,2683412522915,274.3329639,"","ztf",0.056279998272657394,0.07651600241661072,2.546999931335449,0.11259099841117859,0.000003953090072172927,54.31946563720703,20.42289924621582,0.4831709563732147,30,798,19.298999786376953,26.277999877929688,0.022416699677705765,0.000001975699888134841,"0",1,274.3331298828125,29,798120229,199.93699645996094,2.2811999320983887,6.3259100914001465,0.2240000069141388,0.052000001072883606
"","ZTF21aaihgbk2683472012815",true,54.3193718,false,"",100,100,100,"",1,false,-1,100,100,60437.47201390006,"ZTF21aaihgbk",2695432841615015000,2683472012815,274.3329639,"","ztf",0.04849899932742119,0.07095900177955627,-99999,-0.0735291987657547,0.0000040443001125822775,-99999,20.77239990234375,-99999,30,798,-99999,26.316699981689453,0.022217100486159325,0.000001926500090121408,"61",1,-99999,28,798120128,94.01580047607422,1.8273999691009521,5.447090148925781,-99999,-99999
"","ZTF21aaihgbk2684408612815",true,54.3193718,false,"",100,100,100,"",2,false,-1,100,100,60438.40861110017,"ZTF21aaihgbk",2695432841615015000,2684408612815,274.3329639,"","ztf",0.05226000025868416,0.07352700084447861,-99999,0.10586400330066681,0.0000030368998977792216,-99999,20.6564998626709,-99999,30,798,-99999,26.303300857543945,0.019192300736904144,0.0000014436999435929465,"61",1,-99999,28,798120228,233.50100708007812,1.841599941253662,5.836939811706543,-99999,-99999
"","ZTF21aaihgbk2675383222815",true,54.319408,false,"",100,100,100,"",2,false,-1,100,100,60429.3832291998,"ZTF21aaihgbk",2683370831615015000,2675383222815,274.3331321,"","ztf",0.052087001502513885,0.07412000000476837,-99999,0.10166099667549133,0.000003191800033164327,-99999,20.412200927734375,-99999,30,798,-99999,26.31570053100586,0.01985359936952591,0.0000015340000345531735,"61",1,-99999,28,798120228,233.0959930419922,1.7108999490737915,7.906869888305664,-99999,-99999
"","ZTF21aaihgbk2654431291715",true,54.3194837,false,"",100,100,100,"",2,false,-1,100,100,60408.43129630014,"ZTF21aaihgbk",2682427082915015000,2654431291715,274.3333292,"","ztf",0.05392099916934967,0.07526999711990356,-99999,0.10219000279903412,0.0000037001700547989458,-99999,20.60930061340332,-99999,30,797,-99999,26.229900360107422,0.021018799394369125,0.000001909500042529544,"61",1,-99999,17,797120217,183.30599975585938,1.6862000226974487,6.257820129394531,-99999,-99999
"","ZTF21aaihgbk2663470172915",true,54.3194633,false,"",0.09531453251838684,0.03989206756306429,0.045319599747490814,"",1,false,1,20.343599319458008,19.536416678091474,60417.47017360013,"ZTF21aaihgbk",2689427912915015000,2663470172915,274.3331918,"","ztf",0.058260999619960785,0.07061800360679626,1.5720000267028809,-0.1098639965057373,0.000006601519999094307,54.319461822509766,20.597400665283203,0.16989876329898834,30,798,20.23699951171875,26.335399627685547,0.028968000784516335,0.000003305100108264014,"0",1,274.3330993652344,29,798120129,95.39669799804688,2.1391000747680664,5.64178991317749,0.07500000298023224,0.04100000113248825
"","ZTF21aaihgbk2664364751715",true,54.3194633,false,"",100,100,100,"",2,false,-1,100,100,60418.364756899886,"ZTF21aaihgbk",2689427912915015000,2664364751715,274.3331918,"","ztf",0.053509000688791275,0.07672300189733505,-99999,0.10798200219869614,0.000003996699888375588,-99999,20.100900650024414,-99999,30,797,-99999,26.240800857543945,0.021875599399209023,0.0000020746999780385522,"61",1,-99999,17,797120217,184.03500366210938,2.0513999462127686,8.625789642333984,-99999,-99999
"","ZTF21aaihgbk2667430311715",true,54.3194633,false,"",100,100,100,"",2,false,-1,100,100,60421.43031249987,"ZTF21aaihgbk",2689427912915015000,2667430311715,274.3331918,"","ztf",0.05368199944496155,0.07795900106430054,-99999,0.10392100363969803,0.0000038907801354071125,-99999,20.145000457763672,-99999,30,797,-99999,26.239299774169922,0.02170339971780777,0.0000020259999473637436,"61",1,-99999,17,797120217,186.11000061035156,1.592900037765503,9.662529945373535,-99999,-99999
"","ZTF21aaihgbk2680470871715",true,54.3194633,false,"",100,100,100,"",2,false,-1,100,100,60434.47087959992,"ZTF21aaihgbk",2689427912915015000,2680470871715,274.3331918,"","ztf",0.06459400057792664,0.0812000036239624,-99999,0.09703189879655838,0.000004316440026741475,-99999,20.829599380493164,-99999,30,797,-99999,26.246400833129883,0.022770699113607407,0.0000022418998923967592,"61",1,-99999,17,797120217,186.75999450683594,1.4658000469207764,5.1811699867248535,-99999,-99999
"","ZTF21aaihgbk2682410231715",true,54.3194837,false,"",100,100,100,"",1,false,-1,100,100,60436.41023149993,"ZTF21aaihgbk",2682427082915015000,2682410231715,274.3333292,"","ztf",0.062164999544620514,0.08011399954557419,-99999,-0.0721627026796341,0.000008296539817820303,-99999,20.4419002532959,-99999,30,797,-99999,26.27790069580078,0.031204599887132645,0.000004214999989926582,"61",1,-99999,17,797120117,116.07499694824219,2.655400037765503,5.427810192108154,-99999,-99999
"","ZTF21aaihgbk2663470173015",true,54.3194624,false,"",100,100,100,"",1,false,-1,100,100,60417.47017360013,"ZTF21aaihgbk",2693406651615015000,2663470173015,274.3330014,"","ztf",0.0545630007982254,0.07284999638795853,-99999,-0.11162800341844559,0.000005756230166298337,-99999,20.59269905090332,-99999,30,798,-99999,26.315900802612305,0.026631299406290054,0.000002914400056397426,"61",1,-99999,30,798120130,96.7853012084961,2.2636001110076904,5.288939952850342,-99999,-99999
"","ZTF21aaihgbk2666476273015",true,54.3193718,false,"",100,100,100,"",1,false,-1,100,100,60420.47627309989,"ZTF21aaihgbk",2695432841615015000,2666476273015,274.3329639,"","ztf",0.04870200157165527,0.07330100238323212,-99999,-0.05054980143904686,0.000005798799975309521,-99999,20.556699752807617,-99999,30,798,-99999,26.265399932861328,0.026722999289631844,0.0000029155000902392203,"61",1,-99999,30,798120130,95.80370330810547,1.9427000284194946,6.02495002746582,-99999,-99999
"","ZTF21aaihgbk2680470871615",true,54.3193718,false,"",0.12499627470970154,100,0.03213380967676343,"",2,false,1,20.470195770263672,18.995358638440955,60434.47087959992,"ZTF21aaihgbk",2695432841615015000,2680470871615,274.3329639,"","ztf",0.07113800197839737,0.07909099757671356,2.4590001106262207,0.09452489763498306,0.0000051361898840696085,54.3194580078125,20.7362003326416,0.4235440790653229,30,797,19.31800079345703,26.236400604248047,0.025653399527072906,0.000002556000026743277,"0",1,274.3330993652344,16,797120216,216.4759979248047,1.4830000400543213,5.635990142822266,0.19900000095367432,0.04899999871850014
"","ZTF21aaihgbk2666406402915",true,54.3193718,false,"",0.3052355945110321,0.03678418965811802,0.05615727178898965,"",2,false,1,20.916324615478516,19.07825167594038,60420.406400499865,"ZTF21aaihgbk",2695432841615015000,2666406402915,274.3329639,"","ztf",0.05381900072097778,0.07753899693489075,2.546999931335449,0.10673999786376953,0.00000394493008570862,54.31946563720703,20.15410041809082,0.4831709563732147,30,798,19.298999786376953,26.26689910888672,0.022471699863672256,0.00000196979999600444,"0",1,274.3331298828125,29,798120229,199.4290008544922,1.6924999952316284,9.351129531860352,0.2240000069141388,0.052000001072883606
"","ZTF21aaihgbk2666476272915",true,54.3194633,false,"",0.12467019259929657,0.05241342774412193,0.05694892393840728,"",1,false,1,20.425098419189453,19.574405649196073,60420.47627309989,"ZTF21aaihgbk",2689427912915015000,2666476272915,274.3331918,"","ztf",0.05124000087380409,0.07364200055599213,1.5720000267028809,-0.05349560081958771,0.000005988789780531079,54.319461822509766,20.499000549316406,0.16989876329898834,30,798,20.23699951171875,26.302400588989258,0.027408000081777573,0.000002944100060631172,"0",1,274.3330993652344,29,798120129,95.48320007324219,2.1484999656677246,6.329750061035156,0.07500000298023224,0.04100000113248825
"","ZTF21aaihgbk2667430311615",true,54.3193718,false,"",0.2243615686893463,0.0393296141023935,0.05412177466386128,"",2,false,1,20.562223434448242,19.01828233674254,60421.43031249987,"ZTF21aaihgbk",2695432841615015000,2667430311615,274.3329639,"","ztf",0.052267998456954956,0.0790029987692833,2.4590001106262207,0.10671699792146683,0.000004253769930073759,54.3194580078125,20.113000869750977,0.4235440790653229,30,797,19.31800079345703,26.228900909423828,0.023454900830984116,0.0000021215000742813572,"0",1,274.3330993652344,16,797120216,215.31100463867188,1.6506999731063843,9.925990104675293,0.19900000095367432,0.04899999871850014
"","ZTF21aaihgbk2667450501915",true,54.3194633,false,"",100,100,100,"",1,false,-1,100,100,60421.45050929999,"ZTF21aaihgbk",2689427912915015000,2667450501915,274.3331918,"","ztf",0.050905000418424606,0.07788799703121185,-99999,-0.05287250131368637,0.00001017239992506802,-99999,20.02899932861328,-99999,30,797,-99999,26.248300552368164,0.032360900193452835,0.0000047703001655463595,"61",1,-99999,19,797120119,119.11100006103516,1.7367000579833984,11.055100440979004,-99999,-99999
"","ZTF21aaihgbk2669358942915",true,54.3194633,false,"",0.3159859776496887,0.15035081460392677,0.15185164963414913,"",1,false,1,20.321449279785156,19.525828538888284,60423.35894680023,"ZTF21aaihgbk",2689427912915015000,2669358942915,274.3331918,"","ztf",0.049702998250722885,0.07322300225496292,1.5720000267028809,-0.05974870175123215,0.00001890460043796338,54.319461822509766,19.47010040283203,0.16989876329898834,30,798,20.23699951171875,26.28890037536621,0.03712179884314537,0.00000714210000296589,"0",1,274.3330993652344,29,798120129,92.58290100097656,1.851199984550476,16.848600387573242,0.07500000298023224,0.04100000113248825
"","ZTF21aaihgbk2669448112915",true,54.3193718,false,"",0.3178384304046631,0.05149541849573961,0.06595453732423577,"",2,false,1,20.753889083862305,19.04648476066768,60423.44811340002,"ZTF21aaihgbk",2695432841615015000,2669448112915,274.3329639,"","ztf",0.05137199908494949,0.07659099996089935,2.546999931335449,0.10555200278759003,0.000005252580194792245,54.31946563720703,19.899099349975586,0.4831709563732147,30,798,19.298999786376953,26.311100006103516,0.025875400751829147,0.0000026176001028943574,"0",1,274.3331298828125,29,798120229,205.31100463867188,1.7317999601364136,12.421299934387207,0.2240000069141388,0.052000001072883606
"","ZTF21aaihgbk2675479142915",true,54.3194633,false,"",0.14752107858657837,0.06489999071065793,0.06851400704138386,"",1,false,1,20.39171600341797,19.55902922578858,60429.47914349986,"ZTF21aaihgbk",2689427912915015000,2675479142915,274.3331918,"","ztf",0.048858001828193665,0.07148200273513794,1.5720000267028809,-0.07626180350780487,0.000007043120149319293,54.319461822509766,20.292999267578125,0.16989876329898834,30,798,20.23699951171875,26.323699951171875,0.029329000040888786,0.000003426300054343301,"0",1,274.3330993652344,29,798120129,96.43229675292969,1.982699990272522,7.948200225830078,0.07500000298023224,0.04100000113248825
"","ZTF21aaihgbk2678444862915",true,54.3194633,false,"",0.11879908293485641,0.049092496570301555,0.053952988646559515,"",1,false,1,20.436670303344727,19.579676349975543,60432.444861100055,"ZTF21aaihgbk",2689427912915015000,2678444862915,274.3331918,"","ztf",0.05344900116324425,0.07191000133752823,1.5720000267028809,-0.07211779803037643,0.000005534950105356984,54.319461822509766,20.631200790405273,0.16989876329898834,30,798,20.23699951171875,26.247400283813477,0.026496199890971184,0.0000027404998945712578,"0",1,274.3330993652344,29,798120129,91.01129913330078,1.8116999864578247,5.706230163574219,0.07500000298023224,0.04100000113248825
"","ZTF21aaihgbk2678475412915",true,54.3193718,false,"",0.14518767595291138,100,0.03566300600863335,"",2,false,1,20.517234802246094,18.99295528544531,60432.47541669989,"ZTF21aaihgbk",2695432841615015000,2678475412915,274.3329639,"","ztf",0.05975800007581711,0.07705199718475342,2.546999931335449,0.10705500096082687,0.000004373279807623476,54.31946563720703,20.53619956970215,0.4831709563732147,30,798,19.298999786376953,26.241199493408203,0.02365409955382347,0.0000021862999801669503,"0",1,274.3331298828125,29,798120229,195.197998046875,1.6758999824523926,6.529850006103516,0.2240000069141388,0.052000001072883606
"","ZTF21aaihgbk2680429761715",true,54.3194701,false,"",100,100,100,"",1,false,-1,100,100,60434.42976849992,"ZTF21aaihgbk",2680443412915015000,2680429761715,274.3333259,"","ztf",0.0685340017080307,0.07611499726772308,-99999,-0.09241220355033875,0.000007740100045339204,-99999,20.917400360107422,-99999,30,797,-99999,26.23740005493164,0.030698399990797043,0.000004010400061815744,"61",1,-99999,17,797120117,114.39600372314453,1.6866999864578247,3.8560500144958496,-99999,-99999
"","ZTF21aaihgbk2666476272815",true,54.3194093,false,"",100,100,100,"",1,false,-1,100,100,60420.47627309989,"ZTF21aaihgbk",2680429761615015000,2666476272815,274.3329622,"","ztf",0.05033399909734726,0.07487200200557709,-99999,-0.0474884994328022,0.0000048257697926601395,-99999,20.57349967956543,-99999,30,798,-99999,26.30620002746582,0.02392910048365593,0.000002260999963255017,"61",1,-99999,28,798120128,94.10859680175781,2.1034998893737793,6.10237979888916,-99999,-99999
"","ZTF21aaihgbk2669358943015",true,54.3193718,false,"",100,100,100,"",1,false,-1,100,100,60423.35894680023,"ZTF21aaihgbk",2695432841615015000,2669358943015,274.3329639,"","ztf",0.05234299972653389,0.0782030001282692,-99999,-0.06693699955940247,0.00001831339977798052,-99999,19.421899795532227,-99999,30,798,-99999,26.242799758911133,0.03752399981021881,0.000007375800123554654,"61",1,-99999,30,798120130,94.918701171875,1.9068000316619873,16.350900650024414,-99999,-99999
"","ZTF21aaihgbk2675479142815",true,54.3193718,false,"",100,100,100,"",1,false,-1,100,100,60429.47914349986,"ZTF21aaihgbk",2695432841615015000,2675479142815,274.3329639,"","ztf",0.04967999830842018,0.07259300351142883,-99999,-0.06278190016746521,0.000005489469913300127,-99999,20.329299926757812,-99999,30,798,-99999,26.335800170898438,0.025589600205421448,0.0000025797999114729464,"61",1,-99999,28,798120128,95.05899810791016,1.9846999645233154,7.869530200958252,-99999,-99999
"","ZTF21aaihgbk2633494052915",true,54.3194513,false,"",0.19813843071460724,0.02620619098892698,0.04744337973503601,"",2,false,1,20.553808212280273,19.001825463281833,60387.494050899986,"ZTF21aaihgbk",2663470172915015000,2633494052915,274.3332149,"","ztf",0.07129599899053574,0.08446799963712692,2.546999931335449,0.10820599645376205,0.000005083789801574312,54.31946563720703,20.120100021362305,0.19170135259628296,30,798,19.298999786376953,26.276100158691406,0.025258200243115425,0.000002526400066926726,"0",1,274.3331298828125,29,798120229,200.12399291992188,2.5590999126434326,7.296480178833008,0.2240000069141388,0.052000001072883606
"","ZTF21aaihgbk2635507691615",true,54.3194513,false,"",0.1287393718957901,100,0.03350721292607907,"",2,false,1,20.45211410522461,18.990681404030752,60389.507696799934,"ZTF21aaihgbk",2663470172915015000,2635507691615,274.3332149,"","ztf",0.05942099913954735,0.07812300324440002,2.4590001106262207,0.10111899673938751,0.000004287249794288073,54.3194580078125,20.549999237060547,0.24385155737400055,30,797,19.31800079345703,26.244800567626953,0.023450499400496483,0.000002131200062649441,"0",1,274.3330993652344,16,797120216,218.0570068359375,1.6748000383377075,6.589109897613525,0.19900000095367432,0.04899999871850014
"","ZTF21aaihgbk2637494781715",true,54.3194513,false,"",100,100,100,"",1,false,-1,100,100,60391.49478009995,"ZTF21aaihgbk",2663470172915015000,2637494781715,274.3332149,"","ztf",0.051343001425266266,0.07428400218486786,-99999,-0.05112750083208084,0.000009184260306938086,-99999,20.029499053955078,-99999,30,797,-99999,26.271699905395508,0.031230000779032707,0.000004442800218384946,"61",1,-99999,17,797120117,115.99299621582031,1.9797999858856201,9.784040451049805,-99999,-99999
"","ZTF21aaihgbk2642409211915",true,54.3194513,false,"",100,100,100,"",1,false,-1,100,100,60396.40921299998,"ZTF21aaihgbk",2663470172915015000,2642409211915,274.3332149,"","ztf",0.0681070014834404,0.08691400289535522,-99999,-0.04521489888429642,0.000024860000849002972,-99999,19.426000595092773,-99999,30,797,-99999,26.21339988708496,0.042329300194978714,0.000009877599950414151,"61",1,-99999,19,797120119,109.33200073242188,2.488100051879883,13.108699798583984,-99999,-99999
"","ZTF21aaihgbk2642492372915",true,54.3194513,false,"",0.43909257650375366,0.08006593172841361,0.09010366813160388,"",2,false,1,20.76917266845703,19.049638610288792,60396.49237270001,"ZTF21aaihgbk",2663470172915015000,2642492372915,274.3332149,"","ztf",0.06531400233507156,0.08974400162696838,2.546999931335449,0.1082950010895729,0.000008561440154153388,54.31946563720703,19.581499099731445,0.19170135259628296,30,798,19.298999786376953,26.27239990234375,0.032757800072431564,0.000004242599970893934,"0",1,274.3331298828125,29,798120229,199.77000427246094,2.7922000885009766,11.080100059509277,0.2240000069141388,0.052000001072883606
"","ZTF21aaihgbk2644477931915",true,54.3194513,false,"",100,100,100,"",2,false,-1,100,100,60398.477939799894,"ZTF21aaihgbk",2663470172915015000,2644477931915,274.3332149,"","ztf",0.05855000019073486,0.08571600168943405,-99999,0.10143599659204483,0.0000052823402256763075,-99999,19.8927001953125,-99999,30,797,-99999,26.261999130249023,0.025036100298166275,0.0000026678999347495846,"61",1,-99999,19,797120219,189.2899932861328,2.5488998889923096,8.908679962158203,-99999,-99999
"","ZTF21aaihgbk2644495991615",true,54.3194513,false,"",0.22238114476203918,0.1105172764597037,0.11195372310392149,"",1,false,1,20.25009536743164,19.504946815933554,60398.49599540001,"ZTF21aaihgbk",2663470172915015000,2644495991615,274.3332149,"","ztf",0.058278001844882965,0.08339600265026093,1.1699999570846558,-0.054950401186943054,0.000017315200238954276,54.319454193115234,19.764299392700195,0.23576444387435913,30,797,20.264999389648438,26.28689956665039,0.03756050020456314,0.0000068761000875383615,"0",1,274.3330993652344,16,797120116,102.7770004272461,2.9347000122070312,9.136139869689941,0.04399999976158142,0.035999998450279236
"","ZTF21aaihgbk2650435821715",true,54.3194513,false,"",100,100,100,"",1,false,-1,100,100,60404.43582180003,"ZTF21aaihgbk",2663470172915015000,2650435821715,274.3332149,"","ztf",0.072953000664711,0.07737000286579132,-99999,-0.09207840263843536,0.000007589850156364264,-99999,20.614500045776367,-99999,30,797,-99999,26.260000228881836,0.030135000124573708,0.000003914400167559506,"61",1,-99999,17,797120117,113.47599792480469,2.546600103378296,4.620820045471191,-99999,-99999
"","ZTF21aaihgbk2660472511715",true,54.3194633,false,"",100,100,100,"",1,false,-1,100,100,60414.47251159977,"ZTF21aaihgbk",2689427912915015000,2660472511715,274.3331918,"","ztf",0.0644339993596077,0.07951600104570389,-99999,-0.07592210173606873,0.000008814429747872055,-99999,20.431800842285156,-99999,30,797,-99999,26.28510093688965,0.032047901302576065,0.000004473500212043291,"61",1,-99999,17,797120117,116.63600158691406,2.6854000091552734,5.362889766693115,-99999,-99999
"","ZTF21aaihgbk2633494052815",true,54.3194326,false,"",100,100,100,"",2,false,-1,100,100,60387.494050899986,"ZTF21aaihgbk",2660472511615015000,2633494052815,274.3331271,"","ztf",0.06836500018835068,0.08323699980974197,-99999,0.10980299860239029,0.000004294729933462804,-99999,20.24799919128418,-99999,30,798,-99999,26.305200576782227,0.02292419970035553,0.0000020475999917834997,"61",1,-99999,28,798120228,229.7830047607422,2.4377999305725098,6.867849826812744,-99999,-99999
"","ZTF21aaihgbk2637494781615",true,54.3194326,false,"",0.17514728009700775,0.08678520680736901,0.08859003844081514,"",1,false,1,20.239795684814453,19.499749416532666,60391.49478009995,"ZTF21aaihgbk",2660472511615015000,2637494781615,274.3331271,"","ztf",0.05025399848818779,0.0741259977221489,1.1699999570846558,-0.05436459928750992,0.00001147679995483486,54.319454193115234,20.000499725341797,0.0919220969080925,30,797,20.264999389648438,26.2814998626709,0.03480499982833862,0.00000514009980179253,"0",1,274.3330993652344,16,797120116,103.15899658203125,1.9746999740600586,10.421799659729004,0.04399999976158142,0.035999998450279236
"","ZTF21aaihgbk2642409211615",true,54.3194326,false,"",0.25964242219924927,0.14078640167072562,0.1417324371329975,"",1,false,1,20.065202713012695,19.407936720545663,60396.40921299998,"ZTF21aaihgbk",2660472511615015000,2642409211615,274.3331271,"","ztf",0.0664990022778511,0.08107300102710724,1.1699999570846558,-0.031123999506235123,0.000027450900233816355,54.319454193115234,19.419200897216797,0.0919220969080925,30,797,20.264999389648438,26.21339988708496,0.04221469908952713,0.000009989499631046783,"0",1,274.3330993652344,16,797120116,96.1001968383789,2.5327999591827393,13.005900382995605,0.04399999976158142,0.035999998450279236
"","ZTF21aaihgbk2644477931615",true,54.3194326,false,"",0.32616251707077026,0.05641065961348103,0.06842129616956631,"",2,false,1,20.75798225402832,19.06237537196009,60398.477939799894,"ZTF21aaihgbk",2660472511615015000,2644477931615,274.3331271,"","ztf",0.05997199937701225,0.08154500275850296,2.4590001106262207,0.10883700102567673,0.000005667050118063344,54.3194580078125,19.851900100708008,0.11100849509239197,30,797,19.31800079345703,26.260099411010742,0.027079500257968903,0.0000028300000849412754,"0",1,274.3330993652344,16,797120216,219.58099365234375,2.6610000133514404,8.914870262145996,0.19900000095367432,0.04899999871850014
"","ZTF21aaihgbk2650435821615",true,54.3194093,false,"",0.11638922244310379,0.05218572381634499,0.05548205262146647,"",1,false,1,20.366289138793945,19.5618885215219,60404.43582180003,"ZTF21aaihgbk",2680429761615015000,2650435821615,274.3329622,"","ztf",0.09539999812841415,0.07662200182676315,1.1699999570846558,-0.10010699927806854,0.000009809159564611036,54.319454193115234,20.605300903320312,0.3357059359550476,30,797,20.264999389648438,26.2637996673584,0.03534179925918579,0.000004857699877902633,"0",1,274.3330993652344,16,797120116,101.05500030517578,2.567500114440918,4.718090057373047,0.04399999976158142,0.035999998450279236
"","ZTF21aaihgbk2654431291615",true,54.3194404,false,"",0.1258750706911087,100,0.03315907404250004,"",2,false,1,20.43438148498535,18.986038152585518,60408.43129630014,"ZTF21aaihgbk",2684430001615015000,2654431291615,274.3328745,"","ztf",0.05544599890708923,0.07392299920320511,2.4590001106262207,0.10254500061273575,0.000004031559910799842,54.3194580078125,20.576799392700195,0.47711634635925293,30,797,19.31800079345703,26.220399856567383,0.02278509922325611,0.00000200840008801606,"0",1,274.3330993652344,16,797120216,213.45799255371094,1.6723999977111816,6.225629806518555,0.19900000095367432,0.04899999871850014
"","ZTF21aaihgbk2760289281615",true,54.3194862,false,"",1.836992859840393,0.0779887529853277,0.09083864469853492,"",2,false,1,22.527530670166016,19.262938614451762,60514.28928240016,"ZTF21aaihgbk",2775215721615015000,2760289281615,274.333039,"","ztf",0.06231800094246864,0.08142700046300888,2.4590001106262207,0.11332400143146515,0.000006740830031048972,54.3194580078125,19.62459945678711,0.16061407327651978,30,797,19.31800079345703,26.186199188232422,0.029207700863480568,0.000003348600102981436,"0",1,274.3330993652344,16,797120216,205.71099853515625,1.9356000423431396,12.896400451660156,0.19900000095367432,0.04899999871850014
"","ZTF21aaihgbk2760407771615",true,54.3194862,false,"",0.7802438735961914,0.21632012856047694,0.21787077428613064,"",1,false,1,21.29456329345703,19.90948481727837,60514.407777800225,"ZTF21aaihgbk",2775215721615015000,2760407771615,274.333039,"","ztf",0.058152999728918076,0.0791110023856163,1.1699999570846558,-0.03546309843659401,0.000022205700588528998,54.319454193115234,19.463300704956055,0.17746861279010773,30,797,20.264999389648438,26.112499237060547,0.038776300847530365,0.000008248400263255462,"0",1,274.3330993652344,16,797120116,88.47630310058594,1.9996000528335571,14.379500389099121,0.04399999976158142,0.035999998450279236
"","ZTF21aaihgbk2761256122915",true,54.3194862,false,"",0.6801577210426331,0.04386461085810762,0.06434803115949488,"",2,false,1,21.751277923583984,19.191092001033347,60515.25612269994,"ZTF21aaihgbk",2775215721615015000,2761256122915,274.333039,"","ztf",0.07911799848079681,0.08880899846553802,2.546999931335449,0.09699700027704239,0.0000050986800488317385,54.31946563720703,20.090200424194336,0.1987674981355667,30,798,19.298999786376953,26.215999603271484,0.02577959932386875,0.0000025627000468375627,"0",1,274.3331298828125,29,798120229,187.71400451660156,1.3926000595092773,10.45009994506836,0.2240000069141388,0.052000001072883606
"","ZTF21aaihgbk2762225371615",true,54.3194862,false,"",0.2728080153465271,0.006501122048759237,0.041968479034635235,"",2,false,1,21.168968200683594,19.13663346128643,60516.22537040012,"ZTF21aaihgbk",2775215721615015000,2762225371615,274.333039,"","ztf",0.05773799866437912,0.08079300075769424,2.4590001106262207,0.09638579934835434,0.000004462409833649872,54.3194580078125,20.401199340820312,0.16061407327651978,30,797,19.31800079345703,26.166000366210938,0.02390030026435852,0.000002224099944214686,"0",1,274.3330993652344,16,797120216,202.4530029296875,1.5633000135421753,7.267730236053467,0.19900000095367432,0.04899999871850014
"","ZTF21aaihgbk2762284961615",true,54.3194862,false,"",0.30589622259140015,0.10919565703110092,0.11156495938232622,"",1,false,1,20.867536544799805,19.77242078878826,60516.2849653,"ZTF21aaihgbk",2775215721615015000,2762284961615,274.333039,"","ztf",0.05535300076007843,0.07847300171852112,1.1699999570846558,-0.04104069992899895,0.00001042320036503952,54.319454193115234,19.9512996673584,0.17746861279010773,30,797,20.264999389648438,26.02239990234375,0.033298999071121216,0.000004702999831351917,"0",1,274.3330993652344,16,797120116,81.87779998779297,1.5467000007629395,9.833959579467773,0.04399999976158142,0.035999998450279236
"","ZTF21aaihgbk2763277952915",true,54.3194862,false,"",0.5108344554901123,0.03882276132746596,0.06010285704439801,"",2,false,1,21.486557006835938,19.16309434330455,60517.277951399796,"ZTF21aaihgbk",2775215721615015000,2763277952915,274.333039,"","ztf",0.053644001483917236,0.07913099974393845,2.546999931335449,0.11355199664831161,0.00000447151978733018,54.31946563720703,20.061199188232422,0.1987674981355667,30,798,19.298999786376953,26.200700759887695,0.024275299161672592,0.0000022545000319951214,"0",1,274.3331298828125,29,798120229,186.91900634765625,2.0941998958587646,8.423020362854004,0.2240000069141388,0.052000001072883606
"","ZTF21aaihgbk2764283441615",true,54.3194862,false,"",0.24453024566173553,100,0.040734518827658994,"",2,false,1,21.066082000732422,19.12015701687315,60518.283449099865,"ZTF21aaihgbk",2775215721615015000,2764283441615,274.333039,"","ztf",0.05939200147986412,0.08346399664878845,2.4590001106262207,0.10182800143957138,0.0000040786899262457155,54.3194580078125,20.51729965209961,0.16061407327651978,30,797,19.31800079345703,26.22319984436035,0.022740699350833893,0.0000020313000277383253,"0",1,274.3330993652344,16,797120216,214.0240020751953,1.5794999599456787,6.890669822692871,0.19900000095367432,0.04899999871850014
"","ZTF21aaihgbk2764328051615",true,54.3194862,false,"",0.5161640644073486,0.14008848702353344,0.14249211951024088,"",1,false,1,21.311748504638672,19.914256207131476,60518.32805560017,"ZTF21aaihgbk",2775215721615015000,2764328051615,274.333039,"","ztf",0.061048999428749084,0.085207000374794,1.1699999570846558,-0.021692199632525444,0.000014603900126530789,54.319454193115234,19.966100692749023,0.17746861279010773,30,797,20.264999389648438,26.231000900268555,0.0382670983672142,0.000006425900210160762,"0",1,274.3330993652344,16,797120116,99.70800018310547,2.7606000900268555,8.796429634094238,0.04399999976158142,0.035999998450279236
"","ZTF21aaihgbk2765304182915",true,54.3194862,false,"",0.29307860136032104,100,0.037525527980614315,"",2,false,1,21.381885528564453,19.15024228137296,60519.30418979982,"ZTF21aaihgbk",2775215721615015000,2765304182915,274.333039,"","ztf",0.057693999260663986,0.07516500353813171,2.546999931335449,0.09941060096025467,0.000004448700110515347,54.31946563720703,20.556100845336914,0.1987674981355667,30,798,19.298999786376953,26.320100784301758,0.02392289973795414,0.000002233399982287665,"0",1,274.3331298828125,29,798120229,206.83799743652344,1.6597000360488892,6.906589984893799,0.2240000069141388,0.052000001072883606
"","ZTF21aaihgbk2766262161615",true,54.3194862,false,"",0.3057709336280823,0.007440046477536046,0.042793954738260434,"",2,false,1,21.289339065551758,19.15430462478988,60520.26216439996,"ZTF21aaihgbk",2775215721615015000,2766262161615,274.333039,"","ztf",0.06350699812173843,0.07631900161504745,2.4590001106262207,0.0988152027130127,0.000004335930043453118,54.3194580078125,20.520299911499023,0.16061407327651978,30,797,19.31800079345703,26.26609992980957,0.023604299873113632,0.000002167899992855382,"0",1,274.3330993652344,16,797120216,222.36199951171875,2.105600118637085,6.489160060882568,0.19900000095367432,0.04899999871850014
"","ZTF21aaihgbk2768290841615",true,54.3194862,false,"",0.21345704793930054,0.014049359906463992,0.04182820609130106,"",2,false,1,20.85080337524414,19.08120022579005,60522.29084490007,"ZTF21aaihgbk",2775215721615015000,2768290841615,274.333039,"","ztf",0.06361900269985199,0.07581000030040741,2.4590001106262207,0.09990999847650528,0.000003990950062870979,54.3194580078125,20.481800079345703,0.16061407327651978,30,797,19.31800079345703,26.190200805664062,0.022646799683570862,0.0000019909000457118964,"0",1,274.3330993652344,16,797120216,209.58599853515625,1.6741000413894653,6.780149936676025,0.19900000095367432,0.04899999871850014
"","ZTF21aaihgbk2768300751615",true,54.3194862,false,"",0.1200406551361084,0.05172744718946344,0.05525585303014501,"",1,false,1,20.43773651123047,19.595361338449475,60522.30075229984,"ZTF21aaihgbk",2775215721615015000,2768300751615,274.333039,"","ztf",0.07141800224781036,0.07114999741315842,1.1699999570846558,-0.07798759639263153,0.00000815896964923013,54.319454193115234,20.580900192260742,0.17746861279010773,30,797,20.264999389648438,26.128999710083008,0.03186039999127388,0.000003988800017395988,"0",1,274.3330993652344,16,797120116,89.785400390625,1.9510999917984009,5.405779838562012,0.04399999976158142,0.035999998450279236
"","ZTF21aaihgbk2770264652915",true,54.3194862,false,"",0.13352257013320923,100,0.03146659883796251,"",2,false,1,20.57647132873535,19.007209128927197,60524.264652799815,"ZTF21aaihgbk",2775215721615015000,2770264652915,274.333039,"","ztf",0.07766000181436539,0.10818099975585938,2.546999931335449,0.09368109703063965,0.000004807260211237008,54.31946563720703,20.66230010986328,0.1987674981355667,30,798,19.298999786376953,26.26449966430664,0.024769699200987816,0.000002392899887126987,"0",1,274.3331298828125,29,798120229,196.1510009765625,1.2861000299453735,6.290830135345459,0.2240000069141388,0.052000001072883606
"","ZTF21aaihgbk2770344902915",true,54.3194862,false,"",0.12972106039524078,0.05403137327743407,0.05852936361021272,"",1,false,1,20.44963836669922,19.585546646529643,60524.3449074002,"ZTF21aaihgbk",2775215721615015000,2770344902915,274.333039,"","ztf",0.05450500175356865,0.07617100328207016,1.5720000267028809,-0.07511439919471741,0.000005579940079769585,54.319461822509766,20.596799850463867,0.17668434977531433,30,798,20.23699951171875,26.222999572753906,0.026573199778795242,0.0000027661999411066063,"0",1,274.3330993652344,29,798120129,87.83149719238281,1.7696000337600708,6.04541015625,0.07500000298023224,0.04100000113248825
"","ZTF21aaihgbk2771195871615",true,54.3194862,false,"",0.13132652640342712,0.0481386944423443,0.05273923196997306,"",1,false,1,20.69804573059082,19.70749908977448,60525.19587960001,"ZTF21aaihgbk",2775215721615015000,2771195871615,274.333039,"","ztf",0.06595399975776672,0.0742340013384819,1.1699999570846558,-0.09555870294570923,0.000006778169790777611,54.319454193115234,20.73509979248047,0.17746861279010773,30,797,20.264999389648438,26.255300521850586,0.029580499976873398,0.000003372899982423405,"0",1,274.3330993652344,16,797120116,99.89230346679688,1.75600004196167,5.627669811248779,0.04399999976158142,0.035999998450279236
"","ZTF21aaihgbk2771259711615",true,54.3194862,false,"",0.15603850781917572,100,0.03696152093915685,"",2,false,1,20.58819580078125,19.02449091394871,60525.259710600134,"ZTF21aaihgbk",2775215721615015000,2771259711615,274.333039,"","ztf",0.06170500069856644,0.07419600337743759,2.4590001106262207,0.09982720017433167,0.000003897920123563381,54.3194580078125,20.5216007232666,0.16061407327651978,30,797,19.31800079345703,26.21940040588379,0.02225250005722046,0.0000019393000911804847,"0",1,274.3330993652344,16,797120216,211.00399780273438,1.7848999500274658,6.4621901512146,0.19900000095367432,0.04899999871850014
"","ZTF21aaihgbk2772323532915",true,54.3194862,false,"",0.09798220545053482,0.04075378417588128,0.046163165181862545,"",1,false,1,20.362483978271484,19.545354898230908,60526.32353009982,"ZTF21aaihgbk",2775215721615015000,2772323532915,274.333039,"","ztf",0.055546000599861145,0.07006700336933136,1.5720000267028809,-0.09415040165185928,0.0000051935699048044626,54.319461822509766,20.635900497436523,0.17668434977531433,30,798,20.23699951171875,26.312299728393555,0.025942500680685043,0.000002602499989734497,"0",1,274.3330993652344,29,798120129,94.65260314941406,1.8884999752044678,5.873879909515381,0.07500000298023224,0.04100000113248825
"","ZTF21aaihgbk2773200051615",true,54.3194862,false,"",0.11477576941251755,0.047491986454129116,0.05147516034247596,"",1,false,1,20.489524841308594,19.618893579574888,60527.200057900045,"ZTF21aaihgbk",2775215721615015000,2773200051615,274.333039,"","ztf",0.06490600109100342,0.07806699723005295,1.1699999570846558,-0.08106119930744171,0.000008403510037169326,54.319454193115234,20.695100784301758,0.17746861279010773,30,797,20.264999389648438,26.21969985961914,0.032632701098918915,0.00000416369994127308,"0",1,274.3330993652344,16,797120116,97.34739685058594,1.811400055885315,5.560919761657715,0.04399999976158142,0.035999998450279236
"","ZTF21aaihgbk2773244251615",true,54.3194862,false,"",0.15928824245929718,100,0.03721523389830047,"",2,false,1,20.60774803161621,19.029090612795756,60527.244259300176,"ZTF21aaihgbk",2775215721615015000,2773244251615,274.333039,"","ztf",0.06168400123715401,0.07634799927473068,2.4590001106262207,0.10127200186252594,0.000004034449830214726,54.3194580078125,20.430700302124023,0.16061407327651978,30,797,19.31800079345703,26.218000411987305,0.022773200646042824,0.0000020146001133980462,"0",1,274.3330993652344,16,797120216,211.1699981689453,1.8187999725341797,7.047140121459961,0.19900000095367432,0.04899999871850014
"","ZTF21aaihgbk2774284812915",true,54.3194862,false,"",0.15824957191944122,100,0.036433956719976165,"",2,false,1,20.6094913482666,19.014900833791163,60528.284814800136,"ZTF21aaihgbk",2775215721615015000,2774284812915,274.333039,"","ztf",0.0675320029258728,0.08364400267601013,2.546999931335449,0.09637849777936935,0.0000039279398151848,54.31946563720703,20.480600357055664,0.1987674981355667,30,798,19.298999786376953,26.226299285888672,0.022601699456572533,0.000001972699919861043,"0",1,274.3331298828125,29,798120229,189.43600463867188,1.4515999555587769,7.09745979309082,0.2240000069141388,0.052000001072883606
"","ZTF21aaihgbk2755389602915",true,54.3194247,false,"",0.9112334847450256,0.12059622913780874,0.1256692682658156,"",1,false,1,22.22688102722168,20.0758795674886,60509.389606500044,"ZTF21aaihgbk",2774322812915015000,2755389602915,274.3332108,"","ztf",0.056974999606609344,0.07501299679279327,1.5720000267028809,-0.06680919975042343,0.00000778345020080451,54.319461822509766,20.11870002746582,0.24658308923244476,30,798,20.23699951171875,26.161100387573242,0.03032520040869713,0.0000037008999242971186,"0",1,274.3330993652344,29,798120129,82.34200286865234,1.9545999765396118,8.115619659423828,0.07500000298023224,0.04100000113248825
"","ZTF21aaihgbk2759244532915",true,54.3194247,false,"",0.8301888704299927,0.17701991497864686,0.1799094742182437,"",1,false,1,21.63211441040039,19.971807229008405,60513.24453700008,"ZTF21aaihgbk",2774322812915015000,2759244532915,274.3332108,"","ztf",0.05314499884843826,0.07817800343036652,1.5720000267028809,-0.04939800128340721,0.000012538999726530164,54.319461822509766,19.765100479125977,0.24658308923244476,30,798,20.23699951171875,26.276199340820312,0.034478601068258286,0.00000532810008735396,"0",1,274.3330993652344,29,798120129,92.09159851074219,1.5875999927520752,13.998700141906738,0.07500000298023224,0.04100000113248825
"","ZTF21aaihgbk2759278862915",true,54.3194247,false,"",0.9960721135139465,0.06640587227222221,0.08177993163911074,"",2,false,1,21.920095443725586,19.205985347781716,60513.27886570012,"ZTF21aaihgbk",2774322812915015000,2759278862915,274.3332108,"","ztf",0.06286399811506271,0.08553300052881241,2.546999931335449,0.10184500366449356,0.00000562506011192454,54.31946563720703,19.87689971923828,0.2305831015110016,30,798,19.298999786376953,26.248199462890625,0.027094099670648575,0.0000028172999009257182,"0",1,274.3331298828125,29,798120229,193.76499938964844,1.4641000032424927,13.187000274658203,0.2240000069141388,0.052000001072883606
"","ZTF21aaihgbk2761298882915",true,54.3194247,false,"",0.5648159384727478,0.12731906272571053,0.13115299875934147,"",1,false,1,21.53543472290039,19.950112926611137,60515.29888889985,"ZTF21aaihgbk",2774322812915015000,2761298882915,274.3332108,"","ztf",0.05443299934267998,0.07682900130748749,1.5720000267028809,-0.04648609831929207,0.000010447900422150269,54.319461822509766,19.863100051879883,0.24658308923244476,30,798,20.23699951171875,26.179500579833984,0.03323749825358391,0.0000046529999053746,"0",1,274.3330993652344,29,798120129,85.09380340576172,1.6943999528884888,11.334199905395508,0.07500000298023224,0.04100000113248825
"","ZTF21aaihgbk2765260722915",true,54.3194247,false,"",0.19373613595962524,0.05673200898271432,0.06310889816028337,"",1,false,1,21.026857376098633,19.809057286603522,60519.26072920021,"ZTF21aaihgbk",2774322812915015000,2765260722915,274.3332108,"","ztf",0.05623399838805199,0.07240500301122665,1.5720000267028809,-0.10548000037670135,0.000005479119863593951,54.319461822509766,20.680099487304688,0.24658308923244476,30,798,20.23699951171875,26.361299514770508,0.026563599705696106,0.000002747899998212233,"0",1,274.3330993652344,29,798120129,97.71759796142578,2.0129001140594482,5.644859790802002,0.07500000298023224,0.04100000113248825
"","ZTF21aaihgbk2767303472915",true,54.3194247,false,"",0.3396986126899719,100,0.03987179549649328,"",2,false,1,21.489511489868164,19.16344153962149,60521.30347219994,"ZTF21aaihgbk",2774322812915015000,2767303472915,274.3332108,"","ztf",0.05974400043487549,0.07396800071001053,2.546999931335449,0.10025899857282639,0.0000036142801036476158,54.31946563720703,20.540300369262695,0.2305831015110016,30,798,19.298999786376953,26.295400619506836,0.0215769000351429,0.0000018081999542118865,"0",1,274.3331298828125,29,798120229,204.45700073242188,1.6003999710083008,6.9210100173950195,0.2240000069141388,0.052000001072883606
"","ZTF21aaihgbk2767342612915",true,54.3194247,false,"",0.16035547852516174,0.055878097335035744,0.06134508614431748,"",1,false,1,20.756752014160156,19.713491960469625,60521.34261569986,"ZTF21aaihgbk",2774322812915015000,2767342612915,274.3332108,"","ztf",0.05485999956727028,0.07253199815750122,1.5720000267028809,-0.0713517963886261,0.000005187219812796684,54.319461822509766,20.54129981994629,0.24658308923244476,30,798,20.23699951171875,26.278499603271484,0.025701500475406647,0.0000025751999146450544,"0",1,274.3330993652344,29,798120129,92.7385025024414,1.9846999645233154,6.188439846038818,0.07500000298023224,0.04100000113248825
"","ZTF21aaihgbk2772283642915",true,54.3194247,false,"",0.13897135853767395,100,0.03135663199426475,"",2,false,1,20.637855529785156,19.021365794866792,60526.28364579985,"ZTF21aaihgbk",2774322812915015000,2772283642915,274.3332108,"","ztf",0.07265900075435638,0.07833000272512436,2.546999931335449,0.09920340031385422,0.0000039403698792739306,54.31946563720703,20.633800506591797,0.2305831015110016,30,798,19.298999786376953,26.300899505615234,0.02260350063443184,0.0000019781000446528196,"0",1,274.3331298828125,29,798120229,205.2779998779297,1.4993000030517578,6.490059852600098,0.2240000069141388,0.052000001072883606